{"max_val": 310.54998779296875, "min_val": 225.58950805664062, "data_avg": 292.3680511474609, "vRange": 84.96047973632812}