{"max_val": 310.54998779296875, "min_val": 225.58950805664062, "data_avg": 292.3752746582031, "vRange": 84.96047973632812, "do_quant": 256.0, "max_error": 5.704901695251465, "min_error": -10.888137817382812, "E_datatype": "<class 'numpy.uint8'>"}