{"max_val": 310.54998779296875, "min_val": 225.58950805664062, "data_avg": 292.3680419921875, "vRange": 84.96047973632812, "do_quant": 256.0, "max_error": 1.992647647857666, "min_error": -1.9058048725128174, "E_datatype": "<class 'numpy.uint8'>"}